{"_step":99,"f1/train":0.46784390669282755,"_timestamp":1.7412390959181798e+09,"f1/validation":0.3490115882753919,"_wandb":{"runtime":18913},"f1/test":0.1728310502283105,"best_test_f1":0.3444186646042794,"_runtime":18913.2390172}